{"cameraMode":{"drawMode":0,"name":"Shaded","section":"Shading Mode"},"sceneLighting":false,"audioPlay":false,"sceneViewState":{"m_AlwaysRefresh":false,"showFog":true,"showSkybox":false,"showFlares":true,"showImageEffects":true,"showParticleSystems":true,"showVisualEffectGraphs":true,"m_FxEnabled":true},"in2DMode":false,"pivot":{"x":11.370051383972168,"y":0.7716813087463379,"z":93.7719955444336},"rotation":{"x":-0.1771484911441803,"y":-0.08785999566316605,"z":0.015879975631833078,"w":-0.9801275134086609},"size":1.3181989192962647,"orthographic":false}