{"cameraMode":{"drawMode":0,"name":"Shaded","section":"Shading Mode"},"sceneLighting":true,"audioPlay":false,"sceneViewState":{"m_AlwaysRefresh":false,"showFog":true,"showSkybox":true,"showFlares":true,"showImageEffects":true,"showParticleSystems":true,"showVisualEffectGraphs":true,"m_FxEnabled":true},"in2DMode":false,"pivot":{"x":0.002102196216583252,"y":0.7787129878997803,"z":-0.012905076146125794},"rotation":{"x":0.3339657783508301,"y":-0.005662955343723297,"z":0.0020440134685486557,"w":0.9426063299179077},"size":8.843425750732422,"orthographic":false}